RentalAgreementID,Dispatch,DeliverOrPickupToType,Product,Comment,isRequiredWork,isAdditionalWork,isError
69179,2024-05-06,PRIORITY,,Please ensure (2) moonrovers are onsite locked and labeled for this unit. Label/lock info in attributes. Please also remove the 360 labels for this unit as driver got confused and thought this was a 360 unit.,False,True,True
39565,2024-05-06,FIX,,Please ensure the peloton is activated and working properly. Alaya will be having a VVIP starting on 5/8. ,False,True,True
29706,2024-05-06,BIKE FIX,,"Guest reported that bikes seat won't rise up and 1 of the 26"" bike is not pedalling seems to be issues with the chain. ",False,True,True
876,2024-05-06,BIKE FIX,,All bike tires seem to be low if we could please pump them with air. Bike Code 0369. 360 Yellow. ,False,True,True
1363,2024-05-05,BIKE FIX,,"please ensure all locks are set tot he correct code
per check: one of the locks is wrong ",False,True,True
1355,2024-05-05,BIKE FIX,,"Guest stated that the one bike located closest to the alley, the lock won't open using code 0838. This code will unlock the remaining 3 bikes.",False,True,True
1126,2024-05-05,BIKE FIX,,Ensure locks are set to 0010,False,True,True
51628,2024-05-04,BIKE FIX,,Replace (3) jammed locks,False,True,True
23302,2024-05-04,BIKE CHECK,,"at2: complete bike check 
at1:missing 4 bikes but might be out riding them",True,False,True
1310,2024-05-04,BIKE FIX,,"Ensure all locks are correct, crack and reset if needed",False,True,True
1306,2024-05-04,BIKE CHECK,,"AT2: Complete bike check
AT1:All bikes in use",True,False,True
1136,2024-05-04,DELIVERY ONLY,,"D/o
(1) Lock, set to attributes",False,True,True
49741,2024-05-03,SWAP,,"AT2: Please swap out (2) new waves
AT1:Two bikes with stripped pedal rings and one bike with stripped basket bracket. Need two replacement new waves dropped off all together",True,False,True
67856,2024-05-02,BIKE FIX,,Guest stated that the bike lock is not working. Please assist. ,False,True,True
67655,2024-05-02,BIKE CHECK,,"AT2: Ensure there are (2) point hb's on site, with the correct locks and labels
AT1:Bikes not found or in use",True,False,True
67633,2024-05-02,BIKE CHECK,,"AT2: Ensure there are (2) point hb's
AT1:Bikes not found or in use",True,False,True
67633,2024-05-02,BIKE CHECK,,"AT2: Ensure there are (2) point hbs
AT1:Bikes not found or in use",True,False,True
69179,2024-05-01,QUALITY CHECK,,please ensure (2) bikes are onsite. Looks like (2) moonrovers were onsite on 4/29 but pm reported that they did not see any. Make sure the bikes are labeled and locks are working properly,False,True,True
67633,2024-05-01,BIKE FIX,,"the property manager said there are 2 locks on the bike, one is open and the lock cannot be open, he said maybe someone placed their lock on the bike by mistake ",False,True,True
65962,2024-05-01,DELIVERY ONLY,,"d/o- (1) vacayzen taxi locks/labels in attributes
per check: Need one Vaycazen taxi dropped off seat post clamp was broke off!",False,True,True
57289,2024-05-01,BIKE CHECK,,"AT2: Complete bike check
AT1:Road closure",True,False,True
952,2024-05-01,FIX,,Please ensure the peloton is activated. We have a super VIP guest coming in town tomorrow. Ensure that the Peloton is working properly. ,False,True,True
30169,2024-04-30,BIKE CHECK,,"AT2: Please locate (5) Exclusives and complete bike check, usually outside behind the stairs 
AT1:Checked both sides of garage no bikes on site ",True,False,True
1241,2024-04-30,BIKE FIX,,HOA requests bikes to have the labels re-done as they are all worn out. Label info in attributes!,False,True,True
1241,2024-04-30,BIKE FIX,,"low tires on house bikes-yellow 360, please ensure all tires have air. ",False,True,True
1211,2024-04-30,BIKE FIX,,HOA requests bikes to have the labels re-done as they are all worn out. Label info in attributes!,False,True,True
1208,2024-04-30,BIKE FIX,,HOA requests bikes to have the labels re-done as they are all worn out. Label info in attributes!,False,True,True
1152,2024-04-30,BIKE FIX,,yellow 360 bikes -RGH House Bike Issue: A chain has fallen off another one of their bikes Bike Code 0128,False,True,True
2337,2024-04-28,BIKE FIX,,One HB doesnt have a kickstand ,False,True,True
1510,2024-04-28,BIKE FIX,,One of the bikes has a low tire,False,True,True
48772,2024-04-27,BIKE FIX,,"Please tighten all chains (1) chain fell off, homeowner request.",False,True,True
1190,2024-04-27,DELIVERY,,"AT2: D/o (2) Yellow 360s
AT1:Only two bikes on site, may be in use",True,False,True
1128,2024-04-27,DELIVERY,,"AT2 bike check, please bring (2) Yellow 360s just incase",True,False,True
72121,2024-04-26,DELIVERY ONLY,,"D/o
(6) Generic New waves",False,True,True
67655,2024-04-26,BIKE FIX,,bike has a flat tire,False,True,True
40561,2024-04-26,BIKE FIX,,"Please ensure locks on (2) Exclusive TAXI HB ""Love Me True"" are set to 6232 ",False,True,True
12238,2024-04-26,PRIORITY,,"(2) 2021 Blue Tire 360 YOLO - 360 reported only one bike was on site, when there should be 6 total. Please note if bikes are on site and where.
""Guests who just arrived said there is only 1 bike parked at the house, there should be 6 total. Do you happen to have a photo of where the bikes were last that we could share with guest?""",False,True,True
67356,2024-04-25,BIKE FIX,,"Guest reported that on  (1) of the  26"" vacayzen taxi the bike pedal is falling off. Please assist and just in case bring a new one bike. ",False,True,True
24324,2024-04-25,BIKE FIX,,30a lux taxis need air,False,True,True
