RentalAgreementID,Dispatch,DeliverOrPickupToType,Product,Comment,isRequiredWork,isAdditionalWork,isError
67784,2024-03-21,BIKE CHECK,,"at2: locate bikes and ensure they are gtg
at1: No bikes on site ",True,False,True
63778,2024-03-21,BIKE FIX,,"Lock - The blacklock is not working with code 0011, please fix!",False,True,True
36395,2024-03-21,BIKE CHECK,,"at2: locate bikes and ensure they are gtg
at1:No bikes on site ",True,False,True
9375,2024-03-21,BIKE CHECK,,"at2: locate 3 missing bikes and ensure they are gtg 
at1: Only one on site but guess are here and didn’t answer door ",True,False,True
8637,2024-03-21,BIKE CHECK - OWNER ARRIVAL,,"AT2: Conduct bike check. Ensure (2) yellow 360 Blue bikes on site.
AT1: Only one bike on site, but owner may already be here ",True,False,True
6027,2024-03-21,BIKE CHECK,,"at2: locate bikes and ensure they are gtg
at1: No bikes on site",True,False,True
897,2024-03-21,BIKE CHECK,,"AT2: Conduct Bike Check. Ensure (6) yellow 360 blue house bikes on site.
AT1: Only 5 bikes in garage ",True,False,True
66679,2024-03-20,BIKE FIX,,please fix the chains on one of the dune taxis onsite-has a loose chain ,False,True,True
47254,2024-03-20,BIKE CHECK,,"AT2: Complete bike check
AT1:Guest son is riding other bike. Bikes in garage are gtg",True,False,True
1114,2024-03-20,BIKE FIX,,Yellow 360's - Guest said 3 of the 4 bikes have flat tires and don't seem to be holding air. She said they are left where they were upon check-in. They are using one bike but would like to have all four for the family.,False,True,True
50888,2024-03-19,BIKE FIX,,"Please fix (1) Pointe HB ""The Pointe #324"" - loose chain. guest reported she was unable to get the chain back on, so please bring appropriate tools if necessary. bike is located near building 3, parking lot in the back 
reported by 405-778-5940",False,True,True
828,2024-03-18,BIKE FIX,,"Please replace bike chain on (1) 26"" 30A Lux TAXI. Guest reported that it has fallen off 3 times this morning.",False,True,True
67781,2024-03-17,BIKE CHECK,,"AT2: Complete bike check
AT1:only one bike on site locked through tire on driveway. guests on site probably using. locks 0021 ",True,False,True
67324,2024-03-17,BIKE CHECK,,"AT2: Complete bike check, please bring 4 vacayzen taxis
AT1:No bikes on site ",True,False,True
59619,2024-03-17,FIX,,"Peloton needs set up, it is not showing an account.


",False,True,True
29706,2024-03-17,BIKE FIX,,one of the chains fell off one of the house bikes ,False,True,True
9375,2024-03-17,BIKE FIX,,"Please fix loose chain on Exclusive TAXI HB ""In Your Dreams"" - guest said chain keeps falling off. bike placed on the gravel next to the driveway and side door",False,True,True
6013,2024-03-17,BIKE FIX,,"guest reported that the crank on one the bike is broken and on the next bike the chain guard is rubbing against the chain, guest stated that the two bikes are parked next to trash can. Exclusive bikes

",False,True,True
1329,2024-03-17,PRIORITY,,"D/o
(1) Yellow 360",False,True,True
1070,2024-03-17,BIKE FIX,,all bikes need air in the tires ,False,True,True
988,2024-03-17,ITEM MOVE,,remove 7 bikes from garage and lock to the bike rack located to the   northeastern section of the property.,False,True,True
971,2024-03-17,QUANTITY CHECK,,"locate 2 blue on blue 360s and ensure are gtg, bring 2 just in case
per check: 3/5 blue on blue 360s locked through tires on bike rack by boardwalk. locks 0121 labeled blue door cottage. guests state they called yesterday saying that two bikes have come and gone since they've been here and someone must have their code",False,True,True
67324,2024-03-16,BIKE CHECK,,"At2: please complete bike check
At1: Not onsite",True,False,True
59619,2024-03-16,FIX,,"Peloton needs set up, it is not showing an account.",False,True,True
30170,2024-03-16,BIKE FIX,,per exclusive- One bike is missing the little turn knob that adjust the seat. It's on top of the seat and the other Bikes chain is off. Please come service these bikes we have a guest coming in today.,False,True,True
30170,2024-03-16,BIKE FIX,,per exclusive- One of the bike chain fall off. Please tighten.,False,True,True
30166,2024-03-16,FIX,,"activate peloton, it got deactivated ",False,True,True
29706,2024-03-16,BIKE FIX,,"per guest ""  one that has an issue with the pedal and another that chain keeps coming off if they could check that one as well that would be great please! We are headed out for a little while but the bikes are under the carport!"" ",False,True,True
1344,2024-03-16,BIKE CHECK,,"AT2: Complete bike check, yellow 360s
AT1:4/6 bikes at property (2 being used) All bikes at property are good - checked locks, labels, and tire pressure.",True,False,True
1329,2024-03-16,BIKE FIX,,Guest is reporting a house bike has a flat tire.,False,True,True
1328,2024-03-16,QUANTITY CHECK,,"(1) house bike missing, please ensure all bikes onsite if not, d/o 1 yellow 360 and also pick up 2 rental bikes from this property ",False,True,True
1292,2024-03-16,ITEM MOVE,,Please make sure bikes are located on a bike rack near building 46. Sent photo to logistics,False,True,True
1240,2024-03-16,BIKE FIX,,Swap one white blue tire with popped tube.,False,True,True
1128,2024-03-16,BIKE FIX,,"Please cut and replace lock, set code to attributes

Per check: Bike condition good. 

Bike on right has jammed lock or incorrect code. Unable to crack it. Needs to be cut or cracked and reset",False,True,True
897,2024-03-16,ITEM MOVE,,"there are possibly (3) HB here 65 vista bluffs that belong at 84 Pompano Street. ""Dot worry beach happy"" please take them back to the property -84 Pompano Street",False,True,True
57571,2024-03-15,BIKE CHECK,,"AT2: Complete bike check
AT1:Guest are using 2 bikes ",True,False,True
51628,2024-03-15,BIKE CHECK,,"AT2: Complete bike check
AT1:Guest using 3 bikes",True,False,True
9379,2024-03-15,BIKE CHECK,,"AT2: Complete bike check
AT1:Guest using 3 bikes",True,False,True
6047,2024-03-15,BIKE CHECK,,"AT2: Complete bike check, bring 2 exclusives
AT1:2 bikes not on site. Guest are home",True,False,True
6008,2024-03-15,BIKE CHECK,,"AT2: Complete bike check
AT1:No bike on site. Guest are inside",True,False,True
1036,2024-03-15,BIKE FIX,,Homeowner would like help getting the back nutt off so they can attach their own burley. ,False,True,True
67149,2024-03-14,PRIORITY,,"D/o
(1) Exclusive 30a",False,True,True
51094,2024-03-14,ITEM MOVE,,"Item Move/Bike Fix
the guest left a bike on a bike rack across from the property by the bike shop they have it locked up and they told us that the code for the lock is not working so they cannot put the bike back in the garage before they leave so it needs to be returned to the property. ",False,True,True
38146,2024-03-14,BIKE FIX,,PM reported one of them has no air and another has a seat loose,False,True,True
38146,2024-03-14,ITEM MOVE,,"Item Move // Fix
she was riding on 30A the chain broke it is located on the beachside of 30A between Alys Beach and Prominence and needs to be picked up and returned back to the home. Trying to get more info on where it was placed! ",False,True,True
