RentalAgreementID,Dispatch,DeliverOrPickupToType,Product,Comment,isRequiredWork,isAdditionalWork,isError
70521,2024-03-21,PICKUP,,"AT2: Pick up (1) 26"" Rental
AT1: Only 3 bikes on site ",True,False,True
70196,2024-03-21,PRIORITY,,Locks - Guest reported locks on their green bike are jammed. Please fix and set to 0877. Guest left bike locked near 17 Trigger trail. Please return back to rental home at 8638 EAST COUNTY HIGHWAY 30A,False,True,True
69494,2024-03-21,PICKUP,,"AT2: Pick up (2) 26"" rentals, (2) 24"" rentals, (2) Kids Helmets, and (2) Adult Helmets. Items were extended and Office did not notify Logistics",True,False,True
70192,2024-03-20,DELIVERY ONLY,,"Please deliver (1) 26"" Guest lost (2), we located (1).",False,True,True
70179,2024-03-20,DELIVERY ONLY,,D/O (2) youth helmets - guest reported we only dropped 2 of 4,False,True,True
70423,2024-03-19,PRIORITY,,"Please swap (1) 26"" bike. Guest fell off of bike and bent the wheel. Guest is stranded in Seaside.",False,True,True
69975,2024-03-19,PICKUP,,"AT2 - P/U (1) Infant Crib. Guest had to move homes, new crib already delivered so we just need to pick up this one. Access: 575284",True,False,True
70425,2024-03-18,PRIORITY,,"Guest noted chain slipped on (1) 26"". Guest turning the seat sideways on the bike with the chain issue. Please fix and tighten chain. Guess requested to have the bike replaced because the chain keeps falling off no matter how many times it gets fixed. ",False,True,True
70404,2024-03-18,PRIORITY,,"Please swap (1) 24"" 2022 Yellow 360 YOLO. Guest said that the chain is still coming off after we fixed yesterday. ",False,True,True
70404,2024-03-18,PRIORITY,,"Swap  (1) 24 "" blue bike. Guest stated that the chains keep falling off because the wheels are not aligned. Guest stated the bike is left at the cross street between viridian park and between western lake dr.",False,True,True
69975,2024-03-18,DELIVERY ONLY,,Please deliver (1) infant crib,False,True,True
69258,2024-03-18,PRIORITY,,"Please swap (1) 20"" with popped tube",False,True,True
70404,2024-03-17,BIKE FIX,,"Please replace chain on (1) 24"" and (1) 20"" bike. Please reset lock on 16"" bike. Guest reported chain issues and a bike lock that will open. The bikes will be back to the house after 4pm.",False,True,True
70260,2024-03-17,PICKUP,,"AT2: Pick up (1) 26"" rental. Guest extended
AT1: bike was not on site when I went by.  ",True,False,True
70121,2024-03-17,PICKUP,,"AT2: Pick up (4) 26"" rentals",True,False,True
69261,2024-03-17,BIKE FIX,,"Please pump up tires in (1) 16"" bike",False,True,True
69258,2024-03-17,BIKE FIX,,"Please pump up tires on (1) 24"" bike",False,True,True
69172,2024-03-17,BIKE FIX,,code 5907 is not working -please ensure the lock code is working ,False,True,True
70135,2024-03-16,PICKUP,,"AT3: Pick up (1) 20' rental guest put outside last night
AT2: Bike is still not on site  ",True,False,True
69825,2024-03-16,DELIVERY ONLY,,D/O Guest is missing 1 backpack beach chair. ,False,True,True
69815,2024-03-16,PRIORITY,,"(1) 26"" bike has a popped tube and wants to have the bike swapped, the guest also stated that he is about 6 miles away from his rental address, 147 West La Garza in Alys Beach. ",False,True,True
69585,2024-03-16,PICKUP,,"AT2: pick up (1) infant crib sheet from kitchen counter. Cleaners picked it up accidentally
AT1: Picked up crib there was no sheet though   ",True,False,True
69293,2024-03-16,PRIORITY,,"Please deliver (2) double jogging strollers
",False,True,True
70367,2024-03-15,BIKE FIX,,"Guest reported that the chain on the 24"" bike keeps falling off and is not staying on.  Please tighten. ",False,True,True
70322,2024-03-15,BIKE FIX,,bike locks are jammed guests are unable to unlock bikes ,False,True,True
70289,2024-03-15,PICKUP,,"AT2: pick up (4) 26: rentals
AT1: Checked all around house, no garage, and bikes are not on site. Car is still here so they are probably all in use. Come back later",True,False,True
70163,2024-03-15,PICKUP,,"AT2: Pick up (1) 26""
AT1: **picked up 3/4 26in bikes**",True,False,True
70135,2024-03-15,PICKUP,,"AT2: pick up (1) 20"" rental
AT1: Not on site ",True,False,True
69854,2024-03-15,PICKUP,,"AT2: Pick up (1) 20"" rental
AT1: One of the 20 inch bikes is not on site ",True,False,True
69779,2024-03-15,PICKUP,,"AT2: Pick up (1) 26"" w/baby seat, (1) adult helmet, (1) kid  helmet, (3) bp beach chairs, (2) 20"" rentals, and (2) youth helmets.
AT1: **Couldn’t locate**(not on site)",True,False,True
69555,2024-03-15,PICKUP,,"AT2: Pick up (1) 26"" rental
AT1: picked up 3/4 bikes on site, one bike is still in use with guest.",True,False,True
68906,2024-03-15,PICKUP,,"AT2: GOLF CART!! Pick up (1) six seat golf cart.
AT1: Picked up all bikes, but can’t really fit the golf cart in the van",True,False,True
70225,2024-03-14,PICKUP,,"AT2: Pick up (1) 26: rental. guest said it is on the bike rack at 1 seagrove place.
AT1: could not locate bike on site, bike was picked up from seagrove store. told to star for time being",True,False,True
70100,2024-03-14,PICKUP,,"AT2: Pick up (1) KT
AT1: 24 on site , no sign of KT ",True,False,True
70099,2024-03-14,PICKUP,,"AT2: Pick up (1) 26"" rental.
AT1: 24” picked up, 26” not on site , seat on 24” loose/broken on arrival  ",True,False,True
70092,2024-03-14,PICKUP,,"AT2: Pick up (1) 26"" rental and (1) KT
AT1: 26 and KT not here  ",True,False,True
69992,2024-03-14,PICKUP,,"AT2: Pick up (3) 26"" rentals. Guest extended after pick up attempt
AT1: Guest extended order",True,False,True
69915,2024-03-14,PRIORITY,,Guest noted (1) bike has a flat tire. Please check all,False,True,True
69824,2024-03-14,PICKUP,,"AT2: Pick up (1) 26"" rental. Guest said it should now be on site.
AT1: picked up trike, picked up 3/4 26” bikes. one 26” not on site could be in use",True,False,True
69533,2024-03-14,PICKUP,,"AT2: Pick up (4) 24"" rentals
AT1: picked up one 24”, and one 26”. 4/5 24” bikes in use by guests.",True,False,True
69710,2024-03-13,PICKUP,,"AT1: Bikes not on site 
AT2: locate and pick up (2) 26"" bikes.",True,False,True
69686,2024-03-13,BIKE FIX,,"1 (26"") seat is broke and can not ride on ",False,True,True
