RentalAgreementID,Dispatch,DeliverOrPickupToType,Product,Comment,isRequiredWork,isAdditionalWork,isError
72623,2024-05-06,PRIORITY,,(1) backpack umbrella - Guest reported that the base just turned where the screw goes into the sand and makes it impossible to use. Please swap!,False,True,True
72467,2024-05-06,BIKE FIX,,"Guest reported 1 of the cargo bike trailer wheel is flat and also keeps falling off, he would like to have the tire fixed or swap",False,True,True
70614,2024-05-06,PICKUP,,"[AT1] Couldn’t pick up Highchair; wasn’t left outside and we didn’t have a entry code 
[AT2] locate and pick up (1) high chair 
access code= 5*072028",True,False,True
72397,2024-05-04,DELIVERY ONLY,,"(2) Kids helmets - Guest would like 2 of our smaller sized helmets, one for a toddler and an 18 month old if possible!",False,True,True
72161,2024-05-04,PICKUP,,"AT2: Pick up (1) beach wagon
AT1: Guest extended",True,False,True
72383,2024-05-03,PICKUP,,"AT2: Pick up (1) kids helmet. 
AT1: Didn’t find",True,False,True
72237,2024-05-03,PICKUP,,"AT3: Pick up (1) 26"" rental with ""messed up back tire""
AT2: Bike that we’re supposed to swap still not here",True,False,True
71937,2024-05-03,PICKUP,,"AT2: Pick up (2) infant cribs and sheets and (2) highchairs.
AT1: Construction on road couldn’t get to house ",True,False,True
67733,2024-05-03,DELIVERY ONLY,,"AT2: Deliver (1) Highchair
AT1: **Still need highchair and 24in bike.**",False,True,True
67733,2024-05-03,DELIVERY ONLY,,"AT2: Deliver (1) 24"" rental
AT1: **Still need highchair and 24in bike.**",False,True,True
72368,2024-05-02,BIKE FIX,, owner states locks are not unlocking with code 0154- temp blue tire bikes,False,True,True
72237,2024-05-02,PRIORITY,,guest noted the bike does not work and the back tire is messed up.,False,True,True
72237,2024-05-02,PICKUP,,"AT2: Pick up (1) bike with ""messed up back tire"" replacement bike already dropped off.
AT1: Didn’t see any bikes on site, so I just dropped 1 new 26” ",True,False,True
71825,2024-05-02,PRIORITY,,guest noted that (1) bike does not have a pedal. Please swap or fix if able. please provide pictures of the bike without a pedal ,False,True,True
72357,2024-05-01,BIKE FIX,,"Please fix (1) 26"" green Taxi with a pedal that has fallen off. Please bring replacement in case it cannot be repaired.",False,True,True
72357,2024-05-01,PRIORITY,,"Please swap (1) 26"" Green Taxi with missing bolt and fallen off pedal. ",False,True,True
72031,2024-05-01,PRIORITY,,guest noted we delivered rusted and old bp gear. please swap (2) chairs and (1) umbrella,False,True,True
72318,2024-04-30,PRIORITY,,"(1) 26"" with baby seat - Guest reported she did not receive this bike with the rest of her order. Please deliver as soon as possible! ",False,True,True
72357,2024-04-29,DELIVERY ONLY,,"(5) 26"" - Please deliver to 75 West Henry Court. Other bikes were delivered to the wrong location. ",False,True,True
72339,2024-04-29,ITEM MOVE,,(1) KT - Please attach KT to adult bike onsite! Guest didn't have tools to attach ,False,True,True
72248,2024-04-29,PRIORITY,,"Guest reported that 1 26"" bike the pedal has falling off and he almost had an incident with a car please assist as soon as possible. ",False,True,True
72205,2024-04-29,DELIVERY ONLY,,deliver (1) full size crib and (1) full size crib sheet.,False,True,True
72073,2024-04-29,PICKUP,,"[AT1] **Pick up at 11 **
[AT2] locate and pick up (1) full size crib and (1) full size crib sheet.",True,False,True
72248,2024-04-28,PRIORITY,,"(1) Blue 26"" - Guest reported around 6pm that our guys took the bike, but logistics said they only fixed the bolt. Please see if bike can be found on site!",False,True,True
72248,2024-04-28,PRIORITY,,(1) Tag a long - Guest reported the seat is tilted back and won't adjust. Please fix,False,True,True
72172,2024-04-28,PRIORITY,,"(1) Basic Baby Gate - Guest reported that one of the gates is not working well, please swap! ",False,True,True
71983,2024-04-28,BIKE FIX,,Guest stated that bike lock is not working and need some assistance. Please assist. ,False,True,True
71772,2024-04-28,PICKUP,,"AT2: Pick up (1) Full size crib and sheet
AT1: Guests said they aren’t leaving till tomorrow and need the crib ",True,False,True
72248,2024-04-27,BIKE FIX,,"guest said front tire of the 26"" bike has only one bolt, the guests said the tire about to fell off ",False,True,True
72159,2024-04-27,PICKUP,,"AT2: pick up (3) 26"" rentals
AT1: No bikes on site ",True,False,True
71906,2024-04-27,PICKUP,,AT2: Pick up (1) bp umbrella and (2) Bp chairs,True,False,True
71684,2024-04-27,PICKUP,,"AT2: Pick up (5) boogie boards
AT1: picked up all items on site EXCEPT for the 5 boogie boards. couldn’t locate any of the 5, all items are in good condition.",True,False,True
69554,2024-04-27,PICKUP,,"AT2: Pick up (1) Pac n play with sheet and (1) Activity Center
AT1: Could not get in the appointment to grab items ",True,False,True
72199,2024-04-26,BIKE FIX,,"Guest said that one of the baskets had fallen off the bike and she would like to have it fixed, she said the bike will be on the bike rack",False,True,True
71920,2024-04-26,PICKUP,,"AT2: Pick up (1) surfboard
AT1: No one answered the door. Maybe in garage or guest using it",True,False,True
71814,2024-04-26,PICKUP,,"AT2: Pick up (5) bp chairs and (1) bp umbrella
AT1: no chairs or umbrellas on site, picked up cooler and beach wagon. those items are in good condition ",True,False,True
71797,2024-04-26,PICKUP,,"AT2: Pick up (1) 16"", (1) 20"", and (1) weehoo
AT1: picked up 2 chairs and an umbrella on site, couldn’t locate any bikes or weehoo on site.",True,False,True
72203,2024-04-25,ITEM MOVE,,Guest reported that the item was delivered next door not at 174 needlerush drive at A Happy day.  Please assist.,False,True,True
72159,2024-04-25,PRIORITY,,"Please swap (3) 26"" bikes, guest is unhappy with quality. ",False,True,True
71845,2024-04-24,PICKUP,,"AT2: Pick up (1) 26"" rental
AT1: Only two bikes on site.",True,False,True
