RentalAgreementID,Dispatch,DeliverOrPickupToType,Product,Comment,isRequiredWork,isAdditionalWork,isError
70313,2024-03-20,GART FIX,,"Cart 48
Guest reported there is almost a 20 second delay from pushing the gas to the cart going. please check and fix as needed. 

guest number is 9012010414",False,True,True
29865,2024-03-20,GART FIX,,"Needs side mirror bolted, screw is stripped",False,True,True
70521,2024-03-19,GART FIX,,"(1) 4 seater Golf Cart has a flat tyre, it is still at the rental address",False,True,True
47177,2024-03-18,GART FIX,,"PRIORITY ""Turned the windshield wiper on the golf cart and it fell off""",False,True,True
55606,2024-03-17,GART FIX,,the guest reported leaking and  overheating,False,True,True
55606,2024-03-17,GART FIX,,the guest reported leaking and  overheating,False,True,True
47177,2024-03-17,GART FIX,,Turned the windshield wiper on the golf cart and it fell off,False,True,True
36046,2024-03-15,GART FIX,,"Guest messaged me this morning and let me know that when they were using the home's golf cart / LSV last night, it started smoking. They have it parked at the home and have requested for someone to look at it as soon as possible today.",False,True,True
25863,2024-03-13,GART FIX,,"Rear right light is out, rear turn signals do not work",False,True,True
918,2024-03-13,GART FIX,,"Light still not working, changed bulb and fuses",False,True,True
