RentalAgreementID,Dispatch,DeliverOrPickupToType,Product,Comment,isRequiredWork,isAdditionalWork,isError
916,2024-05-06,GART FIX,,"Per check - seemed to have a broken back deck when i went to this house, code 2043 is good but could not replace deck today",False,True,True
50846,2024-05-05,GART CHECK ,,AT2 - Cart not on site on first attempt,True,False,True
5991,2024-05-05,GART FIX,,Per check - back seat has no lock in brackets need to replace,False,True,True
952,2024-05-02,GART FIX,,"This is a VIP guest arrival today at MB209OG and the LSV is parked to the left of the house in front of the bikes, to where a guest will have to move all of the bikes to get to the cart. Please help to fix this so it is in its normal position before 4PM check-in if at all possible!",False,True,True
50846,2024-04-26,GART FIX,,"ASAP - The cart had not been cleaned or maintained. The cart is running really rough and needs a maintenance check-up. 
",False,True,True
